[  {
            "title": "Harry Potter and the Philosopher's Stone",
            "author": "J.K. Rowling",
            "image": "https://cdn.discordapp.com/attachments/1071329877887815690/1080002684775575552/harry-potter-philosophers-stone.png",
            "publisher": "Arthur Levine Book.",
            "genre":"fantasy mystery comedy sci-fi"
    },
    {
            "title": "Harry Potter and the Chamber of Secrets",
            "author": "J.K. Rowling",
            "image": "https://sportshub.cbsistatic.com/i/2022/06/10/4070adc6-36b5-41c8-8266-995f068c8180/english-harry-potter-2-epub-9781781100226.jpg?auto=webp&width=1200&height=1800&crop=0.667:1,smart",
            "publisher": "Arthur Levine Book.",
            "genre":"fantasy mystery comedy sci-fi"
    },
    {
            "title": "Harry Potter and the Prisoner of Azkaban",
            "author": "J.K. Rowling",
            "image": "https://sportshub.cbsistatic.com/i/2022/06/10/097d9d47-194d-491d-8059-a6c6c6eb0716/english-harry-potter-3-epub-9781781100233.jpg?auto=webp&width=1200&height=1800&crop=0.667:1,smart",
            "publisher": "Arthur Levine Book.",
            "genre":"fantasy horror mystery action sci-fi"
    },
    {
            "title": "Harry Potter and the Goblet of Fire",
            "author": "J.K. Rowling",
            "image": "https://sportshub.cbsistatic.com/i/2022/06/10/e7a793ea-2148-41f6-8b34-219fc21a3408/english-harry-potter-4-epub-9781781105672.jpg?auto=webp&width=1200&height=1800&crop=0.667:1,smart",
            "publisher": "Arthur Levine Book.",
            "genre":"fantasy action drama adventure sci-fi"
    },
    {
            "title": "Harry Potter and the Order of the Phoenix",
            "author": "J.K. Rowling",
            "image": "https://sportshub.cbsistatic.com/i/2022/06/10/1eded690-a308-4c16-a7b9-31dd7f8c2ed0/english-harry-potter-5-epub-9781781100240.jpg?auto=webp&width=1200&height=1800&crop=0.667:1,smart",
            "publisher": "Arthur Levine Book.",
            "genre":"fantasy romance drama adventure action"
    },
    {
            "title": "Harry Potter and the Half-Blood Prince",
            "author": "J.K. Rowling",
            "image": "https://sportshub.cbsistatic.com/i/2022/06/10/2a650159-14c6-4efd-8ae4-8496ca920770/english-harry-potter-6-epub-9781781100257.jpg?auto=webp&width=1200&height=1800&crop=0.667:1,smart",
            "publisher": "Arthur Levine Book.",
            "genre":"fantasy drama  action adventure horror"
    },
    {
            "title": "Harry Potter and the Deathly Hallows",
            "author": "J.K. Rowling",
            "image": "https://sportshub.cbsistatic.com/i/2022/06/10/91e49e5d-41c3-4252-a649-fbf540595907/english-harry-potter-7-epub-9781781100264.jpg?auto=webp&width=1200&height=1800&crop=0.667:1,smart",
            "publisher": "Arthur Levine Book.",
            "genre":"fantasy"
    }

]
